{
    "faces": [35,21,20,52,53,0,0,0,1,1,35,8,7,39,40,0,0,1,1,1,35,22,21,53,54,0,1,0,1,1,35,9,8,40,41,0,1,0,1,1,35,23,22,54,55,0,0,1,1,1,35,10,9,41,42,0,1,1,1,1,35,24,23,55,56,0,1,0,1,1,35,11,10,42,43,0,1,1,1,1,35,25,24,56,57,0,1,1,1,1,35,12,11,43,44,0,1,1,1,1,35,26,25,57,58,0,0,1,1,1,35,13,12,44,45,0,0,1,1,1,35,27,26,58,59,0,0,0,1,1,35,14,13,45,46,0,1,0,1,1,35,1,0,32,33,0,1,1,1,1,35,28,27,59,60,0,1,0,1,1,35,15,14,46,47,0,1,1,1,1,35,2,1,33,34,0,0,1,1,1,35,29,28,60,61,0,0,1,1,1,35,16,15,47,48,0,0,1,1,1,35,3,2,34,35,0,1,0,1,1,35,30,29,61,62,0,0,0,1,1,35,17,16,48,49,0,0,0,1,1,35,4,3,35,36,0,1,1,1,1,35,31,30,62,63,0,1,0,1,1,35,18,17,49,50,0,1,0,1,1,35,5,4,36,37,0,0,1,1,0,35,0,31,63,32,0,1,1,1,1,35,19,18,50,51,0,0,1,1,1,35,6,5,37,38,0,1,0,0,1,35,20,19,51,52,0,0,0,1,1,35,7,6,38,39,0,1,1,1,1,34,34,33,64,1,1,1,1,34,61,60,64,1,1,1,1,34,48,47,64,1,1,1,1,34,35,34,64,1,1,1,1,34,62,61,64,1,1,1,1,34,49,48,64,1,1,1,1,34,36,35,64,1,1,1,1,34,63,62,64,1,1,1,1,34,50,49,64,1,1,1,1,34,37,36,64,1,0,1,1,34,32,63,64,1,1,1,1,34,51,50,64,1,1,1,1,34,38,37,64,1,1,0,1,34,52,51,64,1,1,1,1,34,39,38,64,1,1,1,1,34,53,52,64,1,1,1,1,34,40,39,64,1,1,1,1,34,54,53,64,1,1,1,1,34,41,40,64,1,1,1,1,34,55,54,64,1,1,1,1,34,42,41,64,1,1,1,1,34,56,55,64,1,1,1,1,34,43,42,64,1,1,1,1,34,57,56,64,1,1,1,1,34,44,43,64,1,1,1,1,34,58,57,64,1,1,1,1,34,45,44,64,1,1,1,1,34,59,58,64,1,1,1,1,34,46,45,64,1,1,1,1,34,33,32,64,1,1,1,1,34,60,59,64,1,1,1,1,34,47,46,64,1,1,1,1],
    "name": "CircleGeometry.3",
    "vertices": [-0,1.00769,0.007692,0.19509,0.988477,0.007692,0.382683,0.931571,0.007692,0.55557,0.839162,0.007692,0.707107,0.714799,0.007692,0.831469,0.563262,0.007692,0.923879,0.390375,0.007692,0.980785,0.202782,0.007692,1,0.007692,0.007692,0.980785,-0.187398,0.007692,0.923879,-0.374991,0.007692,0.831469,-0.547878,0.007692,0.707107,-0.699415,0.007692,0.55557,-0.823778,0.007692,0.382683,-0.916188,0.007692,0.19509,-0.973093,0.007692,-0,-0.992308,0.007692,-0.195091,-0.973093,0.007692,-0.382684,-0.916187,0.007692,-0.555571,-0.823777,0.007692,-0.707107,-0.699414,0.007692,-0.83147,-0.547878,0.007692,-0.92388,-0.374991,0.007692,-0.980786,-0.187397,0.007692,-1,0.007693,0.007692,-0.980785,0.202783,0.007692,-0.923879,0.390376,0.007692,-0.831469,0.563263,0.007692,-0.707106,0.7148,0.007692,-0.555569,0.839162,0.007692,-0.382682,0.931572,0.007692,-0.195089,0.988478,0.007692,-0,0.407692,0.007692,0.175581,0.890399,0.007692,0.344415,0.839184,0.007692,0.500013,0.756015,0.007692,0.636396,0.644088,0.007692,0.748323,0.507705,0.007692,0.831491,0.352107,0.007692,0.882707,0.183273,0.007692,0.9,0.007692,0.007692,0.882707,-0.167889,0.007692,0.831491,-0.336723,0.007692,0.748323,-0.492321,0.007692,0.636396,-0.628704,0.007692,0.500013,-0.740631,0.007692,0.344415,-0.8238,0.007692,0.175581,-0.875015,0.007692,-0,-0.892308,0.007692,-0.175582,-0.875015,0.007692,-0.344416,-0.823799,0.007692,-0.500014,-0.74063,0.007692,-0.636397,-0.628704,0.007692,-0.748323,-0.492321,0.007692,-0.831492,-0.336722,0.007692,-0.882707,-0.167888,0.007692,-0.9,0.007693,0.007692,-0.882707,0.183274,0.007692,-0.831491,0.352108,0.007692,-0.748322,0.507706,0.007692,-0.636395,0.644089,0.007692,-0.500012,0.756015,0.007692,-0.344414,0.839184,0.007692,-0.17558,0.890399,0.007692,-0,0.007692,0.007692],
    "materials": [{
        "DbgIndex": 1,
        "visible": true,
        "blending": "NormalBlending",
        "DbgColor": 15597568,
        "specularCoef": 50,
        "wireframe": false,
        "colorDiffuse": [0.08,0.08,0.08],
        "depthTest": true,
        "DbgName": "border",
        "transparent": false,
        "opacity": 1,
        "colorSpecular": [0.5,0.5,0.5],
        "shading": "phong",
        "colorEmissive": [0,0,0],
        "depthWrite": true
    },{
        "DbgIndex": 0,
        "visible": true,
        "blending": "NormalBlending",
        "DbgColor": 15658734,
        "specularCoef": 50,
        "wireframe": false,
        "colorDiffuse": [1.0,1.0,1.0],
        "depthTest": true,
        "DbgName": "player",
        "transparent": false,
        "opacity": 1,
        "colorSpecular": [0.5,0.5,0.5],
        "shading": "phong",
        "colorEmissive": [0,0,0],
        "depthWrite": true
    }],
    "uvs": [],
    "metadata": {
        "faces": 64,
        "vertices": 65,
        "materials": 2,
        "version": 3,
        "uvs": 0,
        "generator": "io_three",
        "normals": 2,
        "type": "Geometry"
    },
    "normals": [0,0,0.999969,0,0,1]
}
